_id,firstName,lastName,tel,email,details,createdAt,updatedAt,__v
674eb4a67d27adb473b464be,sumit,roy,876543138,sumit@gmail.com,Test sumit,2024-12-03T07:34:06.185Z,2024-12-03T07:34:06.185Z,0
674eb5b18338a893135ca8e7,sumit,roy,876543138,sumit@gmail.com,Test sumit,2024-12-03T07:39:15.621Z,2024-12-03T07:39:15.621Z,0
674eb72e97434314ebd2fb6e,sumit,roy,876543138,sumit@gmail.com,Test sumit,2024-12-03T07:45:49.868Z,2024-12-03T07:45:49.868Z,0
674eb789105993a186e8a758,Rahul,Roy,8656454362,rahul@gmail.com,test rahul,2024-12-03T07:46:01.813Z,2024-12-03T07:46:01.813Z,0
674ec0780472a709331238fe,Rahul,Dutta,794565862,rahul@gmail.com,rahul test,2024-12-03T08:22:42.280Z,2024-12-03T08:22:42.280Z,0
674ec30ecbafb589869d0451,sumit,roy,9876646465,sumit@gmail.com,Test gmail,2024-12-03T08:35:09.531Z,2024-12-03T08:35:09.531Z,0
674ec6d8b8b5a83c7d638607,Sukanta,Biswas,07890067002,sukantab566@gmail.com,test sukanta,2024-12-03T08:50:52.583Z,2024-12-03T08:50:52.583Z,0
674ffd116b235a94712fae62,Mita,Biswas,864659563,mita@gmail.com,Test mita,2024-12-04T06:48:17.147Z,2024-12-04T06:48:17.147Z,0
674ffd386b235a94712fae64,Sumita,Biswas,754646182,sumita@gmail.com,Test sumita,2024-12-04T06:48:17.147Z,2024-12-04T06:48:17.147Z,0
674ffd9a6b235a94712fae66,Anup,Dutta,765463182,anup@gmail.com,Test anup,2024-12-04T06:48:17.147Z,2024-12-05T08:00:11.699Z,0
675007943a0f56504a00cbfa,Amit,Roy,79461852153,amit@gmail.com,Test amit,2024-12-04T07:38:30.411Z,2024-12-04T07:38:30.411Z,0
67500a252eb3744b4d666aa8,Ratan,Das,865338575268,ratan@gmail.com,Test ratan,2024-12-04T07:43:32.106Z,2024-12-04T07:43:32.106Z,0
